step,objective,kl,weighted_aux,reader_lr,seconds
1,0.013126934209140018,0.011487944758320543,0.0016389889305040866,4.000000000000001e-06,43.87183339474723
2,0.012886335222901835,0.011208697677722698,0.0016776372324085486,8.000000000000001e-06,34.774517097044736
3,0.011822420707176207,0.010232319572213011,0.0015901015500793824,1.2e-05,39.089400907978415
4,0.011440216694609262,0.009782217633776019,0.0016579987223114508,1.6000000000000003e-05,35.510241479147226
5,0.01134081051350222,0.009762039906294257,0.001578770357836286,2e-05,39.62609404604882
6,0.011042675947464886,0.009336255028407257,0.0017064206554383773,2.4e-05,36.14916513580829
7,0.011656602316179487,0.009957093536167423,0.0016995082258349516,2.8000000000000003e-05,36.02187269181013
8,0.011411758231133717,0.009695251514553844,0.0017165066160658706,3.2000000000000005e-05,33.78792134672403
9,0.011189788921910804,0.009533496497951629,0.0016562921557686052,3.6e-05,36.1632317090407
10,0.011783140964325867,0.010062306122935447,0.0017208351998430343,4e-05,37.53547728713602
11,0.011389489751309156,0.009693990282440284,0.001695499235331958,4.4000000000000006e-05,36.416990886908025
12,0.011086999375038431,0.009360783378056826,0.0017262161262819942,4.8e-05,37.67371098930016
13,0.01169467144063674,0.010016502425665352,0.0016781686158428575,5.2000000000000004e-05,34.61519671510905
14,0.011194500479177805,0.009459830726652031,0.001734669350772331,5.6000000000000006e-05,34.62048067804426
15,0.011408872537685966,0.009708503804394237,0.0017003681474604946,6e-05,35.39724159613252
16,0.012184798224552651,0.01045327800342642,0.0017315203590677123,6.400000000000001e-05,36.09538402268663
17,0.011822441904541847,0.01004317448453885,0.0017792677492839478,6.800000000000001e-05,36.20722014410421
18,0.011553808534017662,0.009777624720968318,0.0017761841287779207,7.2e-05,37.370962446089834
19,0.01150300662175141,0.009764859532314644,0.0017381473320592145,7.6e-05,33.36892718402669
20,0.01159870372430305,0.009799727183186557,0.0017989763166206426,8e-05,36.23475363524631
21,0.011881510466537293,0.010086493445715179,0.0017950175041052824,8.4e-05,36.002921398729086
22,0.011718730272150424,0.009927097013901202,0.0017916327405113586,8.800000000000001e-05,34.03985258564353
23,0.012141294409957482,0.010296113085210081,0.0018451812225174099,9.200000000000001e-05,37.14335791300982
24,0.011407793070247862,0.009554847760652758,0.0018529451513676647,9.6e-05,35.9404061450623
25,0.011053026995796245,0.009287304295208751,0.0017657231285132871,0.0001,36.022989387158304
26,0.012220885471833753,0.010268054670860746,0.0019528303343834764,0.0001,35.891776939854026
27,0.011469643450254807,0.009660243348611442,0.0018094002130503966,9.999976640009794e-05,37.48490185523406
28,0.01176874578072784,0.009929659427707741,0.0018390868258401922,9.999906560281705e-05,34.858635324053466
29,0.011622374280136683,0.009758550366641645,0.0018638236327214038,9.999789761543314e-05,40.565803329925984
30,0.01206448135417304,0.010139922800869564,0.0019245581601138855,9.999626245007253e-05,35.41737210098654
31,0.012051033119860222,0.010169971071860878,0.001881062277504268,9.999416012371186e-05,36.09504301380366
32,0.012231822881403787,0.010330955640834206,0.0019008674091987535,9.999159065817795e-05,34.71860591927543
33,0.011643905247183284,0.009635765396398089,0.0020081402649568254,9.99885540801475e-05,36.06989808008075
34,0.012560851670059492,0.010574167951532019,0.001986684232694558,9.9985050421147e-05,37.7794451713562
35,0.012078104330612405,0.010098396004944204,0.0019797081029732082,9.998107971755216e-05,33.9673579740338
36,0.012206278248413582,0.010242134084281429,0.001964143802414729,9.997664201058768e-05,35.14196951687336
37,0.012066082874298445,0.010176242866350086,0.0018898396304614438,9.997173734632681e-05,34.869225446134806
38,0.012729329653666355,0.010778342503651733,0.0019509870290881908,9.996636577569086e-05,34.809651266783476
39,0.011790818542976922,0.00978074632750243,0.0020100717843715256,9.996052735444863e-05,36.209934105630964
40,0.01257526078961746,0.010586008647975003,0.0019892517914662866,9.995422214321588e-05,34.66707987384871
41,0.011986080060978566,0.0100704695722099,0.00191561010823887,9.99474502074547e-05,34.65777617925778
42,0.01232128113770159,0.010339017091901295,0.0019822645337488516,9.99402116174728e-05,33.685369150247425
43,0.011532747106684837,0.009568504724897212,0.001964242361176971,9.993250644842278e-05,36.07888836786151
44,0.012299464640818769,0.010321009996941825,0.0019784545841396326,9.992433478030138e-05,36.035295948851854
45,0.013183807175664697,0.011131474221215961,0.002052333236186306,9.991569669794869e-05,37.42678694380447
46,0.011645575302054567,0.009673282013486424,0.0019722931597084487,9.990659229104712e-05,33.41635567415506
47,0.01288756867097618,0.010890277488908364,0.0019972905933784302,9.98970216541206e-05,34.65033685974777
48,0.013623326042534245,0.011666422068590343,0.001956904277607266,9.988698488653359e-05,35.89174353983253
49,0.012082948778697755,0.010112700289282284,0.001970248285442871,9.987648209248997e-05,34.46380771929398
50,0.011756468321436842,0.00978580009256382,0.001970667879292461,9.986551338103208e-05,33.40522115165368
51,0.01245155863580294,0.01041250735791197,0.0020390510358085988,9.985407886603945e-05,34.536794214043766
52,0.011995255823421758,0.010056475394297458,0.001938780169661758,9.98421786662277e-05,34.22298406902701
53,0.011801365177234402,0.009786315845213483,0.0020150491058140542,9.98298129051473e-05,39.233951271977276
54,0.012119249868192128,0.010006972037561122,0.002112277967948542,9.981698171118227e-05,36.15839536488056
55,0.011636063367404859,0.009642216767891208,0.001993846686663333,9.980368521754887e-05,33.810954654589295
56,0.011810923444500077,0.009789553825047814,0.0020213697616638573,9.978992356229419e-05,37.285259909927845
57,0.012312517004829715,0.010394031759228827,0.0019184854646636434,9.977569688829475e-05,38.79887536494061
58,0.012462301771847706,0.010506008760107327,0.00195629282062971,9.976100534325493e-05,36.34328034380451
59,0.011801807419033139,0.009841966521332934,0.0019598408758120293,9.974584907970562e-05,34.85366333974525
60,0.01218417313430109,0.010131112796830046,0.002053059860692813,9.973022825500239e-05,37.749336949083954
61,0.012156315284300945,0.010186034880037302,0.0019702808171490464,9.971414303132409e-05,36.98280552495271
62,0.012665089940128382,0.010590127502126132,0.002074962252374318,9.969759357567099e-05,33.26204424491152
63,0.012939008127432317,0.010865899714333438,0.0020731087229954805,9.968058005986315e-05,34.76067384984344
64,0.012722134317300515,0.010605876587667618,0.0021162575304750123,9.966310266053861e-05,34.64474874502048
65,0.013884318295822595,0.011807050677016179,0.0020772675291355984,9.964516155915151e-05,36.23207483487204
66,0.01238472579620975,0.010283786913470698,0.0021009392772487617,9.96267569419703e-05,34.76865721214563
67,0.01218380659520335,0.009988656460866874,0.0021951499791337276,9.96078890000757e-05,36.30487800529227
68,0.012314173249251326,0.010349669629929904,0.0019645032823733914,9.958855792935884e-05,37.228306364733726
69,0.012073528436303604,0.010057508773731502,0.0020160197897500314,9.956876393051906e-05,35.37340327585116
70,0.013090925697269995,0.011043746150702957,0.002047179606420063,9.954850720906197e-05,36.048690078780055
71,0.012365229518763954,0.010339766138534393,0.00202546314553015,9.95277879752973e-05,34.551936933770776
72,0.01216373709189611,0.01026652742132193,0.0018972091367247634,9.950660644433664e-05,34.527491812128574
73,0.01323265961582365,0.011173172720885692,0.0020594872731059233,9.948496283609122e-05,37.14489170908928
74,0.012367594041734264,0.010338458286960351,0.0020291353029677924,9.946285737526974e-05,34.52329182205722
75,0.01248903951182001,0.010493374874323533,0.001995664674709138,9.944029029137591e-05,35.39464599918574
76,0.012721351957225124,0.010607451446065664,0.0021139009182092423,9.941726181870608e-05,37.557085012085736
77,0.012069418045939528,0.010001809042781834,0.0020676093674138825,9.939377219634689e-05,33.4282412501052
78,0.01159807781186828,0.009435482545315791,0.0021625955976922466,9.936982166817273e-05,34.02353395940736
79,0.013221283297752962,0.010933706416140703,0.002287576774323956,9.934541048284317e-05,36.125442292075604
80,0.012202878519929072,0.010023906418503026,0.0021789722985188394,9.932053889380048e-05,37.70693933824077
81,0.012690717913301341,0.010564194367046371,0.0021265231709128186,9.92952071592669e-05,34.633381286170334
82,0.012795728138371487,0.010583559281837232,0.0022121691240227777,9.926941554224203e-05,37.19875899888575
83,0.012377193229440309,0.010250434331769953,0.00212675868842427,9.924316431050005e-05,37.77831695601344
84,0.012876272940047784,0.010587968265251746,0.0022883045923961275,9.921645373658697e-05,34.69957600021735
85,0.012760570249156444,0.010579012323161262,0.0021815582799358606,9.91892840978178e-05,37.501906557008624
86,0.012185758993837226,0.010030389385727164,0.002155369586303279,9.916165567627362e-05,33.99585518473759
87,0.013992657206244985,0.011764162434075855,0.002228494618736809,9.913356875879873e-05,37.690211618784815
88,0.01292689070396591,0.010716701849084655,0.0022101889173602915,9.910502363699764e-05,38.873571335338056
89,0.012512102516211598,0.010314496065568921,0.0021976065843913382,9.907602060723202e-05,34.478112652897835
90,0.012975732794529904,0.010840796613291515,0.0021349362098993198,9.904655997061765e-05,37.57139670290053
91,0.01265762174352858,0.01048350407452721,0.0021741179262576176,9.901664203302126e-05,35.67287368513644
92,0.012254796649358468,0.01014484652189376,0.0021099503356190943,9.898626710505741e-05,36.08154877508059
93,0.013385985110289766,0.011103764462559706,0.00228222120842765,9.89554355020852e-05,32.49973921710625
94,0.012791086033757892,0.010594951909199835,0.002196134324197815,9.892414754420509e-05,39.30287956027314
95,0.01312895912451495,0.010982161410105192,0.002146797872403235,9.889240355625543e-05,37.89250811515376
96,0.01248216315616446,0.01031287456466202,0.0021692884521489807,9.886020386780927e-05,38.975582492072135
97,0.011517030696268193,0.00943144794439485,0.002085583039131017,9.882754881317072e-05,38.87254279805347
98,0.011802560464275302,0.009776657506146652,0.0020259032374189837,9.879443873137174e-05,39.03090693289414
99,0.012929049253216363,0.010812813531125069,0.002116236155007386,9.876087396616837e-05,36.12630022596568
100,0.01239035547405365,0.010279794289271515,0.0021105610328490177,9.872685486603735e-05,34.89002295071259
101,0.011658524692393257,0.00944995883817684,0.002208566082612793,9.869238178417235e-05,38.9856844721362
102,0.01343667552464467,0.011332371346121407,0.0021043038863734925,9.865745507848045e-05,34.623695120215416
103,0.0124167411995586,0.010348744022438466,0.002067996888552935,9.862207511157829e-05,35.58100114483386
104,0.012086748402907688,0.009943442915178381,0.0021433051602285378,9.858624225078841e-05,40.80283617274836
105,0.012416963512805523,0.010292591007010821,0.0021243730171871247,9.854995686813538e-05,36.0126993926242
106,0.011760788906485686,0.009608545873045366,0.0021522430749912375,9.851321934034195e-05,34.576042257249355
107,0.012380356933135772,0.010236395087156083,0.0021439617820372663,9.84760300488251e-05,33.21286930888891
108,0.012313180795899825,0.010228480508810148,0.0020847005433620464,9.843838937969223e-05,35.976727882865816
109,0.01238806847959495,0.010352692631647082,0.002035375470711313,9.84002977237369e-05,33.6138784782961
110,0.013018657121392607,0.0109280573279988,0.002090599351831752,9.836175547643502e-05,33.045911117922515
111,0.012738040549265861,0.010660505606754517,0.0020775347759621836,9.832276303794058e-05,36.36908885324374
112,0.012152259480899374,0.010031840094614683,0.002120419839993091,9.828332081308159e-05,34.38026744918898
113,0.013046713296716916,0.010887456111394427,0.002159256691909036,9.82434292113558e-05,41.42835307773203
114,0.011913859333844812,0.009944465682155238,0.001969393399585305,9.820308864692652e-05,37.424293937161565
115,0.012301403990932158,0.010249198704986251,0.0020522054576641658,9.816229953861829e-05,34.145672836806625
116,0.011570492123382792,0.009473011468644025,0.0020974803877907905,9.812106230991248e-05,36.0821000887081
117,0.013088162178974017,0.010955407854142354,0.002132754179993217,9.807937738894303e-05,36.13817617390305
118,0.012816507323805126,0.010789494337892945,0.002027013253619694,9.803724520849184e-05,36.219343145843595
119,0.012896046522655524,0.010768960790240879,0.002127085890802321,9.799466620598442e-05,34.38071195408702
120,0.012886730698483007,0.010682735638684548,0.002203995094155078,9.795164082348522e-05,34.75107043189928
121,0.012142537912950502,0.010011403456561721,0.002131134350986008,9.790816950769313e-05,33.56645014323294
122,0.012166281692316261,0.01016978610463741,0.0019964959802144166,9.786425270993685e-05,34.46497818687931
123,0.012398502755786467,0.010238885751606211,0.00215961747557333,9.781989088617014e-05,36.048451454844326
124,0.013342300204385538,0.011155443320943636,0.0021868570762706785,9.777508449696709e-05,36.41472374415025
125,0.012947454196591934,0.010854157564244085,0.0020932966893974546,9.772983400751741e-05,34.278255061712116
126,0.012282801131732413,0.01019264637851462,0.0020901542747947923,9.768413988762156e-05,37.551087121944875
127,0.012035395699058427,0.00992055973592908,0.0021148360359729387,9.763800261168581e-05,33.97699878877029
128,0.011812796725962471,0.00979165344725392,0.002021142964987683,9.759142265871744e-05,37.57386814663187
129,0.01204661835799925,0.009937347292390528,0.002109271200288057,9.754440051231967e-05,35.715421120170504
130,0.012254484767254326,0.010226834418319335,0.002027650087163714,9.749693666068664e-05,37.61652957461774
131,0.011628732851704626,0.009535620421390776,0.00209311207372395,9.744903159659843e-05,34.56982450466603
132,0.011879023393703392,0.00978901790563639,0.002090005946548517,9.740068581741586e-05,37.45590736810118
133,0.012265768375073094,0.010120304601184394,0.0021454634683938786,9.735189982507531e-05,35.84262071503326
134,0.011891763115272624,0.00985575029886033,0.002036012619378524,9.73026741260836e-05,38.91151361493394
135,0.013193204986237106,0.011055878837383702,0.0021373258754110646,9.725300923151262e-05,34.66424662573263
136,0.012275453322445173,0.010100714079705597,0.00217473865516654,9.72029056569942e-05,35.87085032090545
137,0.011965618887188612,0.009826856268664046,0.0021387624802432777,9.715236392271454e-05,34.44649265287444
138,0.012398949884300237,0.010308640363992377,0.0020903092747409707,9.71013845534089e-05,34.60720377508551
139,0.013140162258423516,0.011027550916801127,0.0021126113138919653,9.704996807835622e-05,36.10992532968521
140,0.012003764442397369,0.009914722638405161,0.002089041973759944,9.699811503137357e-05,41.27145129907876
141,0.013919047378294636,0.011759995929794514,0.002159050770587801,9.694582595081057e-05,37.63580381916836
142,0.015662823754610145,0.013470992343480828,0.002191831074524549,9.689310137954382e-05,34.097306408919394
143,0.012825252699599332,0.010661165403295375,0.0021640872055503023,9.683994186497132e-05,35.29520018910989
144,0.012357105091723497,0.01020008365818087,0.0021570217277972316,9.678634795900675e-05,33.6530096209608
145,0.01161581180167559,0.009561155983699863,0.0020546554127377813,9.673232021807369e-05,34.249863497912884
146,0.011965706944465637,0.009784873833090572,0.002180832503237967,9.667785920309994e-05,34.86626546038315
147,0.01217339440700016,0.009979538957979954,0.0021938554902459903,9.662296547951163e-05,35.95931734004989
148,0.011856150605126459,0.009747027528018731,0.002109123364558568,9.656763961722732e-05,32.52219826169312
149,0.01167749477281177,0.00956819182115903,0.0021093035059122555,9.65118821906522e-05,35.79072003997862
150,0.012039308563544182,0.009785224848468754,0.0022540833030649113,9.645569377867201e-05,36.119208947289735
151,0.012533601635368541,0.010396475645205851,0.002137126239511823,9.639907496464709e-05,36.12865318218246
152,0.012530505866834574,0.010315962033472783,0.0022145433868334206,9.63420263364063e-05,36.16918413620442
153,0.012865262257037102,0.010620061438631017,0.002245200844621452,9.628454848624091e-05,37.365834241267294
154,0.012743537407004624,0.010589115816821657,0.0021544215562930686,9.62266420108985e-05,39.13327061524615
155,0.011879043793669553,0.009738795873425354,0.0021402480574773002,9.616830751157673e-05,34.846640889998525
156,0.01280201517874957,0.010651972036962916,0.00215004320713223,9.610954559391703e-05,35.081223806366324
157,0.011721698770998046,0.009630218530000012,0.0020914805657751175,9.605035686799851e-05,34.556126398034394
158,0.012454908954168786,0.010323548281999152,0.002131361428784896,9.599074194833133e-05,36.08134697889909
159,0.012671517535636667,0.010578911708476298,0.0020926064656849506,9.593070145385064e-05,40.52784241596237
160,0.012164980228590139,0.010097342809395393,0.0020676377160835143,9.58702360079099e-05,37.14333648607135
161,0.011614581695539528,0.009514786922994166,0.002099794938855726,9.580934623827455e-05,37.63049712590873
162,0.01239915851601836,0.010276811008747435,0.00212234736374248,9.574803277711545e-05,36.14789124811068
163,0.01238089115031471,0.010294628571789848,0.002086262405061497,9.568629626100231e-05,37.33098719827831
164,0.012908085235721956,0.010793931217560785,0.002114154018493604,9.56241373308971e-05,36.62397835822776
165,0.011020697737876617,0.008975335605261592,0.0020453625217958338,9.556155663214736e-05,34.62332352483645
166,0.011234131488890853,0.009091983358367306,0.0021421478453298943,9.549855481447954e-05,32.46241701859981
167,0.012482774258387508,0.010457891275194664,0.0020248825655517937,9.543513253199225e-05,34.652946934103966
168,0.011551455834705848,0.009488424607937435,0.002063031217469495,9.537129044314944e-05,33.598389690276235
169,0.011926464085263433,0.009846860629713725,0.0020796029134607804,9.530702921077358e-05,33.588349419180304
170,0.012110100800782675,0.010041376424226136,0.002068724880240295,9.524234950203878e-05,34.04033805569634
171,0.012936316834384343,0.010791066343711315,0.0021452509325131596,9.51772519884639e-05,37.32781614596024
172,0.011971183492278215,0.009845545308602006,0.002125638371525988,9.511173734590545e-05,36.04627394396812
173,0.012341446564278158,0.010212917926010534,0.002128528821950472,9.504580625455079e-05,37.708367695100605
174,0.012939788862240675,0.010796381769597732,0.002143406938045515,9.497945939891081e-05,39.397478816099465
175,0.012111187787013478,0.010018611857618917,0.002092575852974287,9.491269746781307e-05,38.999783060047776
176,0.013341119216420338,0.011198969638643834,0.0021421494345210137,9.484552115439445e-05,38.99935807706788
177,0.01178911129863991,0.009687953777846125,0.0021011577549318538,9.477793115609409e-05,34.03668258013204
178,0.012014235961032682,0.009890297775345138,0.002123938151783624,9.470992817464609e-05,37.606883848086
179,0.011848390804516384,0.009783646596847927,0.002064744600630891,9.46415129160722e-05,33.51436651637778
180,0.012628258224140154,0.010579934123377228,0.0020483235237060975,9.457268609067454e-05,34.78872094070539
181,0.012976166794032906,0.010806167039091711,0.0021699997100418167,9.450344841302821e-05,36.181221530772746
182,0.01200110420359124,0.00990077417634028,0.002100329461972549,9.443380060197387e-05,34.996363394893706
183,0.011955277434026357,0.00985929519131859,0.0020959825826130794,9.436374338061026e-05,37.47402892028913
184,0.012776800025676494,0.010676942000180493,0.002099857805686493,9.429327747628671e-05,37.56037746882066
185,0.012582327977725072,0.01041790937357711,0.0021644183987921087,9.422240362059563e-05,33.64931896701455
186,0.012028577177261468,0.009994171978907318,0.002034405146240533,9.415112254936477e-05,34.83803198393434
187,0.012129342821026512,0.010102351201831995,0.0020269918094534788,9.407943500264979e-05,34.77715031802654
188,0.012049028096953407,0.009964865271353955,0.002084163047521115,9.400734172472638e-05,35.55786096211523
189,0.01286097738557146,0.010752574955788439,0.002108403001259251,9.393484346408272e-05,41.012243466917425
190,0.012161206725977536,0.010007156460319959,0.0021540507622871624,9.386194097341147e-05,33.315732412971556
191,0.012106227346521337,0.009919765917780975,0.0021864613255378495,9.378863500960222e-05,32.15106432791799
192,0.012240064465004252,0.0101231090343149,0.0021169548515140055,9.371492633373345e-05,36.18539045518264
193,0.01263887270943087,0.010511814482152463,0.002127058502469945,9.364081571106467e-05,36.248805144801736
194,0.01238862378977501,0.01022677390520761,0.002161850061121686,9.356630391102855e-05,37.480345516931266
195,0.012222753310197731,0.010163267794807768,0.002059485388552695,9.349139170722281e-05,34.598968951031566
196,0.011960404113779077,0.009824632174266847,0.0021357721286062764,9.341607987740226e-05,33.36753727402538
197,0.011176665370612682,0.009173293771579922,0.0020033712565254835,9.334036920347073e-05,34.56244677584618
198,0.010761021746475308,0.008757627591989427,0.0020033940976622627,9.326426047147296e-05,35.937075540889055
199,0.01243665067886468,0.010302389504228076,0.0021342612984939597,9.318775447158634e-05,36.20896406425163
200,0.012934640761159244,0.010829508721689222,0.0021051325498322913,9.311085199811287e-05,37.655613804236054
201,0.01279142065322958,0.010544783006974003,0.0022466373726616,9.303355384947076e-05,34.96382918115705
202,0.012782686489117623,0.010701995067388639,0.0020806912443853145,9.295586082818625e-05,35.82102485001087
203,0.012720587759758928,0.010572875647463292,0.0021477115907113813,9.28777737408852e-05,35.85395269095898
204,0.011103134734185005,0.008972017453217348,0.002131117272772633,9.279929339828477e-05,35.16744455695152
205,0.01182268335628578,0.00971517026614051,0.0021075130888827884,9.272042061518495e-05,36.11523478105664
206,0.012499351101723732,0.01040350553770906,0.002095845897890237,9.26411562104602e-05,40.65957261202857
207,0.012068782680216827,0.010013092437072189,0.0020556904928696927,9.256150100705083e-05,37.33704973291606
208,0.011522107713972218,0.009473136577127034,0.0020489711564615357,9.248145583195448e-05,34.87219652393833
209,0.012325581947152386,0.010240428072106867,0.0020851539409552583,9.240102151621764e-05,36.4978889496997
210,0.012340487344772555,0.010254772049616867,0.002085715085601495,9.232019889492685e-05,34.698850004933774
211,0.011552309282706119,0.009451252390628164,0.0021010566177943482,9.223898880720026e-05,34.6546342279762
212,0.012531719388789497,0.01034930036076373,0.0021824193623874656,9.215739209617858e-05,34.802322226110846
213,0.01196881537725858,0.009797229196977128,0.0021715860264899627,9.207540960901674e-05,33.39519068505615
214,0.012058141121087829,0.009843621333715476,0.002214519053745472,9.199304219687474e-05,35.87422806490213
215,0.01361346762496396,0.011470790835985624,0.002142677363063176,9.191029071490898e-05,36.11674030357972
216,0.011280464886112895,0.009148475691617985,0.0021319890524494098,9.182715602226341e-05,37.89196147536859
217,0.012324982747486501,0.010191999021404956,0.0021329840911333015,9.174363898206052e-05,34.65331823378801
218,0.011651124152194825,0.00961226790291468,0.0020388563385416183,9.16597404613924e-05,36.09785921871662
219,0.012933869247717666,0.0107615696895858,0.0021722999515617508,9.157546133131176e-05,37.67502932716161
220,0.012491605808463646,0.010216526838978768,0.002275078980942402,9.149080246682292e-05,34.39836569316685
221,0.01231376451869437,0.010110196062031642,0.0022035687998663437,9.140576474687264e-05,33.513567614834756
222,0.012156307830082369,0.01006004936491211,0.0020962581405389266,9.132034905434105e-05,37.36290700174868
223,0.012148289853939787,0.010084420709100752,0.00206386948339536,9.12345562760325e-05,34.880987592972815
224,0.011591904598390101,0.009466367506345018,0.0021255366259610798,9.114838730266629e-05,33.34912053914741
225,0.012209941594846896,0.010072598320703832,0.0021373428424190594,9.106184302886747e-05,33.508399547077715
226,0.012225011250848183,0.00999729525265129,0.0022277162006868823,9.097492435315756e-05,35.254946324042976
227,0.012347273041996232,0.010255224425306663,0.0020920482255615946,9.088763217794518e-05,36.027155919000506
228,0.01164269429682463,0.00958249866073521,0.002060194950069154,9.079996740951672e-05,33.38246038975194
229,0.012177646619420557,0.010134394766260591,0.002043252398700474,9.071193095802689e-05,36.86893467511982
230,0.011979928357504832,0.009830370477799687,0.0021495572920971827,9.062352373748931e-05,34.665364132262766
231,0.011648636066865947,0.009498404579896336,0.002150231483709153,9.053474666576703e-05,34.678179156035185
232,0.013012842689931858,0.01095965441299793,0.002053187960944265,9.044560066456292e-05,35.74053575284779
233,0.01191831431378887,0.009806677072126261,0.0021116370233165184,9.035608665941021e-05,33.45966060413048
234,0.011761438468965935,0.009670562333196764,0.002090876109756019,9.02662055796628e-05,33.4726541871205
235,0.011925603969757503,0.00985947458679514,0.0020661289264256983,9.017595835848562e-05,33.337499724235386
236,0.012246247253870024,0.010114110305533205,0.0021321363176569547,9.008534593284501e-05,34.87901914305985
237,0.012048497388605028,0.009910677428677914,0.0021378195419501926,8.999436924349891e-05,34.957538798917085
238,0.011920077050035616,0.009708686244943629,0.0022113903908604934,8.990302923498711e-05,36.040272613056004
239,0.011877622246174724,0.009596520196273217,0.0022811019680336357,8.981132685562149e-05,33.346547348890454
240,0.01269967426378571,0.010542319145883293,0.0021573552529745854,8.971926305747614e-05,36.05259482329711
241,0.012719502024992835,0.010414747057003725,0.0023047550770003934,8.962683879637747e-05,34.80867876112461
242,0.01249796225965838,0.010192514141888744,0.002305448255575061,8.953405503189428e-05,34.594885140191764
243,0.012714964859242173,0.010445569203729943,0.0022693953142906014,8.944091272732784e-05,40.83343245694414
244,0.012341968387772795,0.010083530106914759,0.0022584380735826723,8.934741284970185e-05,34.680529916193336
245,0.012604217431999132,0.010377104953475422,0.0022271125555814726,8.925355636975241e-05,37.268555108923465
246,0.012963994142410229,0.010636371326817919,0.002327623041378817,8.915934426191791e-05,37.433456083294004
247,0.012322360096732154,0.010027610015938902,0.0022947494692947975,8.906477750432904e-05,33.934495775960386
248,0.012350965436780825,0.010106431072636654,0.0022445337587908695,8.896985707879844e-05,37.46647382713854
249,0.011685095593747974,0.009566272855245972,0.0021188230094148085,8.887458397081066e-05,34.67512333905324
250,0.0125538040219908,0.01031758781646605,0.00223621670420075,8.877895916951185e-05,36.32721191737801
251,0.011669957113554119,0.00942059278527082,0.0022493638251540574,8.868298366769954e-05,36.35338244307786
252,0.012288782545510912,0.010079670303075276,0.0022091114999606082,8.858665846181232e-05,40.7675371626392
253,0.011470247913166531,0.0092817856321094,0.002188462373305998,8.848998455191944e-05,34.659546161070466
254,0.012652522023927304,0.010351566606848243,0.002300955680978805,8.839296294171052e-05,37.567011401988566
255,0.011954408950259676,0.009684357655874736,0.0022700515682466172,8.829559463848498e-05,34.0297340862453
256,0.011375004473848094,0.009197152153219087,0.002177852383010997,8.819788065314188e-05,36.31229372508824
257,0.012718576850602403,0.010438487203817183,0.0022800891539370752,8.809982200016898e-05,37.66531971190125
258,0.011567642712179804,0.009424574746188526,0.0021430675284310123,8.800141969763267e-05,38.29704831307754
259,0.01294665879686363,0.010677455507606072,0.00226920287226211,8.790267476716705e-05,38.02453119494021
260,0.012075308599378332,0.009818160402923283,0.0022571478335445343,8.780358823396352e-05,33.43157908599824
261,0.012310266316944762,0.010107158382228339,0.0022031078180805913,8.770416112676006e-05,40.950158970896155
262,0.01179813718135847,0.009603456687903052,0.0021946799359310733,8.760439447783054e-05,34.7435502698645
263,0.01219818893878255,0.010032206401644246,0.002165982528483464,8.750428932297403e-05,35.82732215570286
264,0.011551566968591942,0.009409680705220223,0.0021418858139836214,8.74038467015041e-05,37.670745090115815
265,0.012231775053805904,0.0101094667743124,0.0021223085423505515,8.73030676562379e-05,37.51276247575879
266,0.011567436833502143,0.009545890441095658,0.002021546011148295,8.720195323348545e-05,33.26491411263123
267,0.011151850354508497,0.009086992444613915,0.0020648574977355986,8.710050448303872e-05,36.463858081027865
268,0.012104835139325587,0.009984022217493069,0.002120813009596514,8.69987224581607e-05,34.73483961680904
269,0.011317997454170836,0.009281153279562082,0.002036843766098215,8.689660821557463e-05,34.91109743807465
270,0.011663316458452755,0.009558770313339841,0.0021045459301284714,8.679416281545274e-05,35.967668718192726
271,0.011316115880617872,0.00915230318826259,0.0021638130725148363,8.669138732140554e-05,36.11959134880453
272,0.013035649317316711,0.010868873454820353,0.0021667754255104937,8.658828280047056e-05,37.98539145104587
273,0.011201006547707948,0.009139388851931255,0.0020616174154723353,8.648485032310145e-05,33.828443732112646
274,0.01254894377416349,0.010387902815787206,0.0021610413099328978,8.63810909631567e-05,34.62856620224193
275,0.01174898209865205,0.009654525083444348,0.002094456899315292,8.627700579788858e-05,35.4158370080404
276,0.01149060312218353,0.009401204025121072,0.0020893993659447017,8.617259590793198e-05,38.958980325143784
277,0.011673382223079898,0.009641696265021997,0.0020316856165478307,8.60678623772931e-05,33.340537630952895
278,0.012147577132964216,0.01004098330846091,0.002106594195337453,8.596280629333829e-05,37.69246438983828
279,0.011682830392601318,0.009610066935091652,0.002072763515441772,8.58574287467827e-05,34.79306099191308
280,0.011887430453498382,0.009740039860096823,0.002147390829981796,8.575173083167896e-05,34.764401535037905
281,0.011643344748108575,0.009516928194365356,0.0021264161005320765,8.564571364540588e-05,34.18913903599605
282,0.011565877104658284,0.009479208812241874,0.0020866686582283627,8.553937828865696e-05,33.88673796784133
283,0.011852992834519682,0.009749927032652764,0.0021030654856460497,8.543272586542905e-05,34.08417451940477
284,0.01226465002673649,0.010064209962612036,0.0022004398607746198,8.532575748301086e-05,37.059460228309035
285,0.012075512018327572,0.009995399824157529,0.0020801116661548326,8.521847425197143e-05,39.13848684029654
286,0.011607465778070036,0.009447157284641641,0.002160308270765837,8.511087728614862e-05,37.570808212738484
287,0.012638721618714044,0.010481885356717803,0.00215683603606171,8.500296770263761e-05,35.68641484295949
288,0.013429638110210362,0.011243013528601426,0.002186624342307901,8.489474662177916e-05,39.19270749995485
289,0.011862050752824871,0.009771042734669194,0.0020910079052506966,8.478621516714815e-05,37.494787050876766
290,0.011449824062310654,0.009229513372706699,0.00222031116548275,8.467737446554176e-05,34.710059623699635
291,0.011313223595607269,0.009118322204662792,0.0021949007863289413,8.456822564696789e-05,33.421649519819766
292,0.012102440494345501,0.009868050369502201,0.0022343899126843984,8.445876984463332e-05,33.37853580713272
293,0.012896323289169231,0.010765851549565313,0.0021304718368188344,8.43490081949321e-05,39.18797176191583
294,0.012428557192833978,0.010261821384646753,0.00216673532781442,8.423894183743353e-05,37.96021466795355
295,0.01205145907510996,0.009938257092280843,0.0021132016326523406,8.412857191487053e-05,35.83212422532961
296,0.011368499516038355,0.009251642010192502,0.0021168578440756507,8.401789957312768e-05,36.23351996485144
297,0.01253328602615511,0.010414360574959314,0.002118925426288914,8.390692596122936e-05,34.56921078218147
298,0.011413553454985959,0.009403566426425279,0.0020099869652145568,8.379565223132778e-05,36.13670347305015
299,0.011164159870531876,0.009108825396495691,0.0020553350676424556,8.368407953869104e-05,33.45583689631894
300,0.011648399785372021,0.00947860617021942,0.002169794245725517,8.357220904169115e-05,36.35373832611367
301,0.01122917333168516,0.009160016093829403,0.002069156937419698,8.346004190179198e-05,34.546425414737314
302,0.011742082545879384,0.009657092912943926,0.0020849895040765073,8.334757928353721e-05,34.59948202827945
303,0.012070099066477269,0.009878620332380779,0.002191478363967979,8.323482235453825e-05,38.8845304180868
304,0.011639108512099483,0.00956621917978828,0.002072888968130944,8.312177228546212e-05,35.93881655531004
305,0.01178239526143443,0.009700161533136607,0.0020822341378306996,8.300843025001924e-05,36.09774866979569
306,0.0126789416790416,0.01057987967420006,0.0020990624790022928,8.289479742495132e-05,37.57533354079351
307,0.01110646042980079,0.009126147414078443,0.001980312998620717,8.27808749900191e-05,36.179337080102414
308,0.011733460025425302,0.009630361175034708,0.0021030992018131727,8.266666412799016e-05,37.50332377618179
309,0.01122726644098293,0.009181942164433047,0.002045324451036476,8.25521660246265e-05,34.55269126407802
310,0.011994474773018737,0.00991982147231735,0.002074653768181744,8.243738186867242e-05,37.51306427270174
311,0.012599581641552504,0.010521680744566811,0.0020779009254891993,8.232231285184201e-05,34.994654327165335
312,0.012145138239247899,0.010101847490429802,0.002043290385660021,8.220696016880688e-05,40.99474793905392
313,0.011182506732893671,0.009111740368933727,0.002070765886543689,8.20913250171837e-05,34.730415103025734
314,0.011101685031690067,0.009072229080093868,0.0020294556007377077,8.197540859752182e-05,35.529783696867526
315,0.01245854832382065,0.010365360924199048,0.0020931874535814526,8.185921211329079e-05,37.70386723103002
316,0.011860082264320226,0.009788420197491637,0.0020716621079300947,8.174273677086779e-05,34.91139977518469
317,0.011548662041604985,0.009548638651074736,0.002000023360098242,8.162598377952522e-05,34.71142487367615
318,0.011913900489162188,0.00976214966983842,0.0021517502832375315,8.150895435141803e-05,35.02941865194589
319,0.01130890697822906,0.009275613943614078,0.0020332929479828774,8.139164970157132e-05,34.57815063698217
320,0.011371127687425542,0.009297159554176523,0.0020739676176028763,8.127407104786747e-05,34.82666742289439
321,0.011337781745169195,0.009272634724541498,0.0020651473343421736,8.115621961103366e-05,33.18538669962436
322,0.01181864522413889,0.00976747859685485,0.002051166365569039,8.103809661462923e-05,35.94526752596721
323,0.012296566600070946,0.01012290640907892,0.00217366057404852,8.091970328503282e-05,41.29658006038517
324,0.011297936285700416,0.009191313289270432,0.002106622959985719,8.080104085142981e-05,36.26574784889817
325,0.011464991621323861,0.009447745625113094,0.0020172455461997638,8.068211054579944e-05,33.66047325497493
326,0.011893888613712988,0.009883749277390745,0.0020101391280828414,8.056291360290201e-05,39.05848956294358
327,0.011032982762117172,0.00903568515744578,0.001997297962789286,8.044345126026619e-05,34.7997305248864
328,0.01177706365706399,0.009699038764320924,0.0020780252460795754,8.032372475817605e-05,33.284205879084766
329,0.011680495825203252,0.00958483999757047,0.0020956557593441952,8.020373533965821e-05,37.46473054587841
330,0.011255989178607706,0.009261505177728478,0.001994483919219782,8.008348425046893e-05,34.9509040620178
331,0.011017966309736948,0.008981311942028348,0.0020366546423408534,7.996297273908125e-05,34.293526686728
332,0.01174007531199095,0.009616737497780123,0.0021233379778015917,7.984220205667193e-05,33.519686937797815
333,0.011048608793089443,0.008905959695935581,0.0021426494471394565,7.97211734571085e-05,34.64481148822233
334,0.012108641308259394,0.009999157627132348,0.002109483144215402,7.959988819693624e-05,36.20931341825053
335,0.011937450282857753,0.00987488753279869,0.002062562657549868,7.947834753536518e-05,34.67297938093543
336,0.011241580607020296,0.009255709770438372,0.001985871189108359,7.935655273425691e-05,35.95474505610764
337,0.011459224228019593,0.009343801649751017,0.0021154229266973934,7.923450505811163e-05,34.97762024682015
338,0.010887562966672704,0.00893702633364747,0.0019505361187181266,7.911220577405484e-05,34.51185901183635
339,0.011842210538816289,0.009758392393218933,0.002083817878420002,7.898965615182444e-05,34.69914575526491
340,0.011847666151879821,0.009817060922678533,0.0020306052069133246,7.886685746375722e-05,36.284108366351575
341,0.01126498605458437,0.009279181375811517,0.0019858046196597036,7.874381098477599e-05,37.45789477415383
342,0.011197411333341734,0.009168492974976702,0.0020289185560088087,7.862051799237605e-05,36.36658318899572
343,0.011358877991369809,0.009300102920513632,0.002058774936963011,7.849697976661211e-05,36.08309248602018
344,0.010970846370128129,0.008967365650192958,0.0020034808308521143,7.837319759008498e-05,34.66170413000509
345,0.012115672555410129,0.010145888387621382,0.0019697841868989035,7.824917274792816e-05,35.25447379890829
346,0.011282222373665718,0.009309875801524602,0.0019723465729794463,7.812490652779459e-05,36.16009996365756
347,0.012265923239738186,0.010229914040723414,0.002036008831837407,7.800040021984325e-05,40.55036986479536
348,0.009967044636141509,0.008027046941892744,0.001939997728585419,7.787565511672573e-05,33.8567782221362
349,0.011885279052876285,0.009838965915334254,0.0020463133114643085,7.77506725135729e-05,40.736996308900416
350,0.011439317217082134,0.009409563164920719,0.0020297540954915196,7.762545370798134e-05,34.76724729780108
351,0.011409967446525116,0.009352855302352359,0.0020571120322890935,7.75e-05,34.72096041124314
352,0.011386030169887817,0.009389778694012293,0.001996251716732458,7.73743126921166e-05,34.62850951310247
353,0.011096393415527928,0.009151255662859745,0.0019451371742558287,7.724839308924417e-05,37.49775204109028
354,0.011647063431155402,0.009625587995059212,0.0020214751913843515,7.712224249870742e-05,34.54533846490085
355,0.011409523058546256,0.009372951384327484,0.002036571871185445,7.69958622302293e-05,36.4266265979968
356,0.011574124968319666,0.009543185597609546,0.0020309393818200416,7.686925359591727e-05,33.57949630729854
357,0.011239009912969777,0.009203307251663533,0.002035702169277984,7.674241791024979e-05,34.861779428087175
358,0.011763127020458342,0.009729456178542468,0.002033671272011014,7.661535649006254e-05,36.088701754808426
359,0.011503982411340985,0.009373319605993911,0.0021306629464496467,7.648807065453489e-05,40.56873917859048
360,0.011561889301447081,0.009478672836659095,0.0020832168974557106,7.636056172517613e-05,35.07061491999775
361,0.010828772814420518,0.008767926510206228,0.0020608463276803163,7.62328310258117e-05,34.66711928881705
362,0.011521860364609893,0.009503022872269338,0.002018837633331213,7.61048798825696e-05,34.446284908335656
363,0.010272713913764164,0.00828558583574431,0.0019871281805848434,7.597670962386643e-05,35.553810181096196
364,0.010903599237735762,0.008869622206769468,0.0020339765492564175,7.58483215803938e-05,34.5685522290878
365,0.011165903848450398,0.009200840019002647,0.001965063857846336,7.571971708510427e-05,41.3663994083181
366,0.01175699983650702,0.009664745309105062,0.002092254023436161,7.55908974731978e-05,34.898466989863664
367,0.011476861573100905,0.009459511544427888,0.002017349661025211,7.546186408210761e-05,39.0181059432216
368,0.011969380661412288,0.00990567821701851,0.0020637023883938897,7.533261825148654e-05,34.670073591172695
369,0.011006869368429761,0.009039243527476069,0.0019676252942496383,7.52031613231929e-05,34.86334691103548
370,0.010940305124677252,0.009027707667156687,0.0019125976365302027,7.507349464127677e-05,34.70621847035363
371,0.015879195869274554,0.013763266214292727,0.0021159300023516387,7.494361955196587e-05,37.38338362937793
372,0.010909864522545831,0.008952155878934035,0.00195770892413706,7.481353740365167e-05,34.52103958558291
373,0.011545912619112642,0.009477535997340036,0.0020683759667633897,7.46832495468754e-05,34.16878814296797
374,0.011876543750986457,0.00983951777716254,0.0020370256780021527,7.455275733431395e-05,34.66933806659654
375,0.01182529087191142,0.009715650625428389,0.002109640107244113,7.442206212076589e-05,34.68334187800065
376,0.011930693523027003,0.00986913388792147,0.0020615588131590312,7.429116526313744e-05,34.7491877139546
377,0.012428192214429146,0.010383591251729727,0.0020446012246860537,7.416006812042828e-05,36.09321066690609
378,0.012350304594292538,0.010294376399211129,0.0020559279764921926,7.402877205371748e-05,36.30603062920272
379,0.011076598393628956,0.00898183591701121,0.002094762722572733,7.389727842614945e-05,34.97349074622616
380,0.011134179339933326,0.009097243592665994,0.0020369357409810844,7.376558860291966e-05,37.58616477018222
381,0.011384712118797324,0.009332723389109386,0.00205198832054917,7.363370395126054e-05,35.97698095580563
382,0.011924659217129374,0.009837605459387857,0.002087053548423627,7.350162584042729e-05,37.7708483627066
383,0.011228869616275006,0.009193409161209806,0.0020354598453991867,7.336935564168363e-05,36.07601682189852
384,0.011239736606512452,0.009173017684914452,0.0020667188138357145,7.323689472828758e-05,35.54556802241132
385,0.011268225245657959,0.0091982430554716,0.002069982343372321,7.310424447547719e-05,34.71338050067425
386,0.011793925606980338,0.009608313429514606,0.002185611731647948,7.29714062604563e-05,37.486608849838376
387,0.010866831315070158,0.008764675344094095,0.0021021562579458405,7.283838146238021e-05,34.809223351068795
388,0.012070890693394176,0.009926743397020755,0.0021441466752661134,7.270517146234132e-05,34.61590119311586
389,0.0119985793764954,0.009889585035084665,0.0021089944061210503,7.257177764335491e-05,36.104108995758
390,0.011786121694512985,0.009671218701654228,0.0021149029487995095,7.243820139034464e-05,37.732670188415796
391,0.012258563603609218,0.010139153084432981,0.002119409952288849,7.23044440901283e-05,34.90939768217504
392,0.010962356730715328,0.008814706775780648,0.0021476493936364817,7.217050713140329e-05,37.35457424772903
393,0.01138488163041984,0.009198924382918755,0.0021859572988035133,7.203639190473233e-05,37.59732246911153
394,0.011463580749477842,0.009343415971453998,0.002120164586143647,7.19020998025289e-05,34.6693722428754
395,0.010990419828885933,0.008892076947020199,0.002098342997992109,7.176763221904287e-05,39.629428047686815
396,0.012066391145708621,0.00992885567417206,0.0021375359854639915,7.1632990550346e-05,36.06981127895415
397,0.011140138029986701,0.009045853972315979,0.002094284144133955,7.14981761943174e-05,34.89848946966231
398,0.010954320332984935,0.00885024464916306,0.002104075440394225,7.136319055062912e-05,34.71469042124227
399,0.011299929399683606,0.009170627671136928,0.002129301326902097,7.12280350207315e-05,34.62340364512056
400,0.011786975562245061,0.009710517972517938,0.0020764574345204906,7.10927110078387e-05,34.7795914420858
401,0.011898271144673345,0.009808785262841496,0.002089485931615992,7.095721991691411e-05,39.51741875614971
402,0.011835824054287514,0.009754729788542834,0.0020810948752262035,7.082156315465574e-05,34.62122728070244
403,0.011218473911185356,0.009103642981138572,0.002114830267764023,7.068574212948169e-05,37.074740869924426
404,0.01071483909709059,0.00864862972975505,0.0020662092695907593,7.05497582515154e-05,38.65203893138096
405,0.010871539670006314,0.008866046145485845,0.0020054934554332026,7.041361293257112e-05,34.84696000395343
406,0.011505225042128586,0.009438900641532435,0.0020663240244883,7.027730758613924e-05,37.34385624108836
407,0.010608018080347392,0.008535598709228131,0.002072418921649177,7.014084362737152e-05,34.062811302021146
408,0.010627893323544413,0.008576404819920997,0.002051488267140696,7.000422247306656e-05,30.036516767926514
409,0.01202853026552475,0.009866885859793027,0.0021616441492595725,6.986744554165488e-05,37.65091587090865
410,0.01145161773001746,0.009310899223344745,0.0021407187646910464,6.973051425318445e-05,36.29821834806353
411,0.011449508321675239,0.009358789317830888,0.0020907188885264665,6.959343002930573e-05,34.809478796087205
412,0.011391107101189846,0.009295398315873555,0.00209570893934508,6.945619429325697e-05,33.61398783419281
413,0.012070659810888174,0.010052858635678922,0.0020178010545293715,6.93188084698495e-05,36.14227845799178
414,0.01139832951776043,0.009297720671479994,0.0021006087613179075,6.918127398545287e-05,34.83071717619896
415,0.011178527565789409,0.009135822789923437,0.0020427050234675306,6.904359226798004e-05,36.09885601885617
416,0.01107244607010216,0.009058142359227393,0.0020143040113768575,6.890576474687263e-05,33.542138452176005
417,0.011103641234512907,0.00895099271321853,0.0021526488393550833,6.876779285308599e-05,36.24171656277031
418,0.011556047998965369,0.009504795886379896,0.002051251786106962,6.862967801907435e-05,35.72952344082296
419,0.011800029787991662,0.009734556473595505,0.0020654739089172613,6.849142167877605e-05,36.47423303313553
420,0.011119937385956291,0.009028034021545062,0.0020919034200825365,6.835302526759847e-05,34.909433860331774
421,0.011785533930378733,0.009664773698314892,0.0021207599865891323,6.82144902224034e-05,39.243736657779664
