job	name	step	eval_window	n	accuracy	correct	trunc_pct	mean_tokens
2100758774330425344	loop-s6-stage2-vllm-math-0918	600	0	4	64.5	1290	17.6	2361
2101931197373353984	loop-s6-stage1-k1024v1024-m100-0921	100	0	1	41.2	206	34.6	3438
2101931197373353984	loop-s6-stage1-k1024v1024-m100-0921	200	0	1	56.6	283	28.0	3034
2101931197373353984	loop-s6-stage1-k1024v1024-m100-0921	300	0	1	63.8	319	18.4	2435
2101931197373353984	loop-s6-stage1-k1024v1024-m100-0921	400	0	1	67.4	337	17.8	2475
2101931197373353984	loop-s6-stage1-k1024v1024-m100-0921	500	0	1	70.2	351	16.6	2366
2101931197373353984	loop-s6-stage1-k1024v1024-m100-0921	600	0	1	69.2	346	16.4	2376
2102210430586851328	loop-s6-gated-stage1-math-0922	100	0	1	46.8	234	30.8	3279
2102210430586851328	loop-s6-gated-stage1-math-0922	200	0	1	60.2	301	20.6	2595
2102210430586851328	loop-s6-gated-stage1-math-0922	300	0	1	61.2	306	20.2	2572
2102210430586851328	loop-s6-gated-stage1-math-0922	400	0	1	62.4	312	20.2	2564
2102210430586851328	loop-s6-gated-stage1-math-0922	500	0	1	64.8	324	19.2	2460
2102210430586851328	loop-s6-gated-stage1-math-0922	600	0	1	65.0	325	18.6	2483
2102257644113764352	loop-s6-stage1-gated-resume800-step700-0922	700	0	1	63.8	319	20.6	2563
2102257644113764352	loop-s6-stage1-gated-resume800-step700-0922	800	0	1	64.2	321	18.6	2434
2102569643397881856	loop-s6-stage1-gated-res-k512v512-r1-512-1000step-0923b	100	0	1	55.4	277	24.6	2776
2102569643397881856	loop-s6-stage1-gated-res-k512v512-r1-512-1000step-0923b	200	0	1	61.4	307	22.4	2690
2102569643397881856	loop-s6-stage1-gated-res-k512v512-r1-512-1000step-0923b	300	0	1	62.4	312	22.6	2590
2102569643397881856	loop-s6-stage1-gated-res-k512v512-r1-512-1000step-0923b	400	0	1	61.2	306	23.2	2688
2102569643397881856	loop-s6-stage1-gated-res-k512v512-r1-512-1000step-0923b	500	0	1	62.6	313	21.0	2599
2102569643397881856	loop-s6-stage1-gated-res-k512v512-r1-512-1000step-0923b	600	0	1	65.0	325	21.4	2605
2102569643397881856	loop-s6-stage1-gated-res-k512v512-r1-512-1000step-0923b	700	0	1	65.0	325	20.2	2530
2102569643397881856	loop-s6-stage1-gated-res-k512v512-r1-512-1000step-0923b	800	0	1	62.4	312	21.6	2547
2102569643397881856	loop-s6-stage1-gated-res-k512v512-r1-512-1000step-0923b	900	0	1	63.8	319	22.8	2605
2102569643397881856	loop-s6-stage1-gated-res-k512v512-r1-512-1000step-0923b	1000	0	1	64.0	320	20.2	2508
2102657787698880512	loop-s6-stage1-k512v512-r1-512-1000step-0923c	100	0	1	59.0	295	20.2	2517
2102657787698880512	loop-s6-stage1-k512v512-r1-512-1000step-0923c	200	0	1	62.8	314	22.8	2693
2102657787698880512	loop-s6-stage1-k512v512-r1-512-1000step-0923c	300	0	1	62.8	314	20.6	2562
2102657787698880512	loop-s6-stage1-k512v512-r1-512-1000step-0923c	400	0	1	62.8	314	21.4	2612
2102657787698880512	loop-s6-stage1-k512v512-r1-512-1000step-0923c	500	0	1	62.6	313	22.2	2609
2102657787698880512	loop-s6-stage1-k512v512-r1-512-1000step-0923c	600	0	1	61.8	309	23.2	2676
2102657787698880512	loop-s6-stage1-k512v512-r1-512-1000step-0923c	700	0	1	65.4	327	18.0	2410
2102657787698880512	loop-s6-stage1-k512v512-r1-512-1000step-0923c	800	0	1	63.2	316	19.2	2471
2102657787698880512	loop-s6-stage1-k512v512-r1-512-1000step-0923c	900	0	1	65.4	327	21.2	2559
2102657787698880512	loop-s6-stage1-k512v512-r1-512-1000step-0923c	1000	0	1	66.8	334	18.8	2404
2102680718994845696	loop-s6-opd-fkl-gated-s700-0923	10	0	1	63.6	318	22.2	2656
2102790145764761600	loop-s6-stage1-k1024v512-r1-256-600step-0923b	100	0	1	57.2	286	21.2	2598
2102824974791225344	loop-s6-opd-fkl-latent-lr3e5wu10-plain-s1000-0923	10	0	1	66.0	330	20.4	2483
2102824974791225344	loop-s6-opd-fkl-latent-lr3e5wu10-plain-s1000-0923	20	0	1	64.8	324	17.6	2337
2102824974791225344	loop-s6-opd-fkl-latent-lr3e5wu10-plain-s1000-0923	30	0	1	69.2	346	16.6	2320
2102824974791225344	loop-s6-opd-fkl-latent-lr3e5wu10-plain-s1000-0923	40	0	1	66.4	332	18.6	2422
2102824974791225344	loop-s6-opd-fkl-latent-lr3e5wu10-plain-s1000-0923	50	0	1	68.6	343	16.6	2318
2102824974791225344	loop-s6-opd-fkl-latent-lr3e5wu10-plain-s1000-0923	60	0	1	66.8	334	19.0	2463
2102824974791225344	loop-s6-opd-fkl-latent-lr3e5wu10-plain-s1000-0923	70	0	1	67.0	335	15.8	2260
2102824974791225344	loop-s6-opd-fkl-latent-lr3e5wu10-plain-s1000-0923	80	0	1	68.0	340	17.6	2367
2102831425957933056	loop-s6-stage1-k1024v512-r1-256-600step-0923b-resume200	200	0	1	60.2	301	23.4	2836
2102831425957933056	loop-s6-stage1-k1024v512-r1-256-600step-0923b-resume200	300	0	1	66.6	333	16.0	2365
2102831425957933056	loop-s6-stage1-k1024v512-r1-256-600step-0923b-resume200	400	0	1	65.8	329	16.2	2358
2102831425957933056	loop-s6-stage1-k1024v512-r1-256-600step-0923b-resume200	500	0	1	66.0	330	18.0	2453
2102831425957933056	loop-s6-stage1-k1024v512-r1-256-600step-0923b-resume200	600	0	1	65.2	326	19.4	2506
2102897300480208896	loop-s6-window-math-opd30-0923		32	1	69.2	346	17.6	2332
2102897300480208896	loop-s6-window-math-opd30-0923		128	1	71.4	357	15.4	2164
2102903731585556480	loop-s6-window-math-kv1024-s600-0923		32	1	69.8	349	16.4	2258
2102903731585556480	loop-s6-window-math-kv1024-s600-0923		128	1	69.2	346	16.2	2239
2102930473201184768	loop-s6-stage1-k256v256-r1-256-600step-0923b	100	0	1	24.2	121	41.4	3863
2102930473201184768	loop-s6-stage1-k256v256-r1-256-600step-0923b	200	0	1	42.2	211	33.2	3404
2102930473201184768	loop-s6-stage1-k256v256-r1-256-600step-0923b	300	0	1	48.2	241	28.8	3067
2102930473201184768	loop-s6-stage1-k256v256-r1-256-600step-0923b	400	0	1	48.8	244	30.0	3127
2102930473201184768	loop-s6-stage1-k256v256-r1-256-600step-0923b	500	0	1	51.2	256	27.8	3009
2102930473201184768	loop-s6-stage1-k256v256-r1-256-600step-0923b	600	0	1	51.4	257	27.4	2973
2102965662258311168	loop-s6-stage1-k512v512-r1-256-w32-resume100-v2-0924	100	32	1	71.8	359	13.8	2221
2102965662258311168	loop-s6-stage1-k512v512-r1-256-w32-resume100-v2-0924	200	32	1	71.6	358	14.0	2215
2102965662258311168	loop-s6-stage1-k512v512-r1-256-w32-resume100-v2-0924	300	32	1	71.4	357	13.6	2210
2102965662258311168	loop-s6-stage1-k512v512-r1-256-w32-resume100-v2-0924	400	32	1	70.0	350	15.6	2277
2102965662258311168	loop-s6-stage1-k512v512-r1-256-w32-resume100-v2-0924	500	32	1	70.8	354	15.4	2236
2102965662258311168	loop-s6-stage1-k512v512-r1-256-w32-resume100-v2-0924	600	32	1	71.2	356	14.6	2175
2102989986428100608	loop-s6-opd-fkl-w32-w32-s100-0924	10	32	1	69.0	345	15.0	2286
2102989986428100608	loop-s6-opd-fkl-w32-w32-s100-0924	20	32	1	70.2	351	15.8	2337
2102989986428100608	loop-s6-opd-fkl-w32-w32-s100-0924	30	32	1	68.8	344	16.0	2320
2102989986428100608	loop-s6-opd-fkl-w32-w32-s100-0924	40	32	1	68.4	342	16.2	2328
2102989986428100608	loop-s6-opd-fkl-w32-w32-s100-0924	50	32	1	70.2	351	14.2	2259
2102989986428100608	loop-s6-opd-fkl-w32-w32-s100-0924	60	32	1	69.8	349	15.8	2327
2103028171241689088	loop-s6-stage1-k512v512-r1-512-w32-600sched-stop200-eval20-0924	20	32	1	52.0	260	26.4	3085
2103028171241689088	loop-s6-stage1-k512v512-r1-512-w32-600sched-stop200-eval20-0924	40	32	1	65.8	329	15.6	2330
2103028171241689088	loop-s6-stage1-k512v512-r1-512-w32-600sched-stop200-eval20-0924	60	32	1	69.0	345	15.8	2282
2103028171241689088	loop-s6-stage1-k512v512-r1-512-w32-600sched-stop200-eval20-0924	80	32	1	69.0	345	15.8	2261
2103028171241689088	loop-s6-stage1-k512v512-r1-512-w32-600sched-stop200-eval20-0924	100	32	1	69.4	347	15.2	2192
2103028171241689088	loop-s6-stage1-k512v512-r1-512-w32-600sched-stop200-eval20-0924	120	32	1	69.0	345	16.0	2296
2103028171241689088	loop-s6-stage1-k512v512-r1-512-w32-600sched-stop200-eval20-0924	140	32	1	69.4	347	16.8	2347
2103028171241689088	loop-s6-stage1-k512v512-r1-512-w32-600sched-stop200-eval20-0924	160	32	1	70.6	353	13.8	2199
2103028171241689088	loop-s6-stage1-k512v512-r1-512-w32-600sched-stop200-eval20-0924	180	32	1	69.2	346	15.6	2361
2103028171241689088	loop-s6-stage1-k512v512-r1-512-w32-600sched-stop200-eval20-0924	200	32	1	68.4	342	18.0	2408
2103073688986329088	loop-s6-opd-fkl-w32-lr1e5-w32-s100-0924	10	32	1	71.8	359	15.0	2338
2103073688986329088	loop-s6-opd-fkl-w32-lr1e5-w32-s100-0924	20	32	1	72.4	362	13.8	2191
2103073688986329088	loop-s6-opd-fkl-w32-lr1e5-w32-s100-0924	30	32	1	68.4	342	16.4	2354
2103073688986329088	loop-s6-opd-fkl-w32-lr1e5-w32-s100-0924	40	32	1	69.0	345	16.8	2325
